1. Select the detail of the employee whose name start with P.

    mysql> SELECT * 
    -> FROM Employee1
    -> WHERE EmpName LIKE 'P%';
+-------+---------+------------+------------+-----------------+-----------+
| Empid | EmpName | Department | ContactNo  | EmailId         | EmpHeadID |
+-------+---------+------------+------------+-----------------+-----------+
|   102 | Priya   | E-104      | 1234567890 | priya@yahoo.com |       103 |
+-------+---------+------------+------------+-----------------+-----------+
1 row in set (0.00 sec)


-----------------------------------------------------------------------------------------------------


2. How many permanent candidate take salary more than 5000.

mysql> SELECT COUNT(*) AS No_Of_Candidates 
       FROM Employee1 e1 
       INNER JOIN EmpSalary es 
       ON e1.EmpId = es.EmpId AND es.Salary > 5000;
+------------------+
| No_Of_Candidates |
+------------------+
|                1 |
+------------------+
1 row in set (0.00 sec)

-----------------------------------------------------------------------------------------------------

3. Select the detail of employee whose emailId is in gmail.

mysql> SELECT * 
    -> FROM Employee1 
    -> WHERE  EmailId LIKE '%gmail.com';
+-------+----------+------------+------------+--------------------+-----------+
| Empid | EmpName  | Department | ContactNo  | EmailId            | EmpHeadID |
+-------+----------+------------+------------+--------------------+-----------+
|   101 | Isha     | E-101      | 1234567890 | isha@gmail.com     |       105 |
|   103 | Neha     | E-101      | 1234567890 | neha@gmail.com     |       101 |
|   105 | Abhishek | E-101      | 1234567890 | abhishek@gmail.com |       102 |
+-------+----------+------------+------------+--------------------+-----------+
3 rows in set (0.00 sec)


----------------------------------------------------------------------------------------------------

4. Select the details of the employee who work either for department E-104 or E-102.

mysql> SELECT *  FROM Employee1 WHERE Department = "E-104" OR Department = "E-102";
+-------+---------+------------+------------+-----------------+-----------+
| Empid | EmpName | Department | ContactNo  | EmailId         | EmpHeadID |
+-------+---------+------------+------------+-----------------+-----------+
|   102 | Priya   | E-104      | 1234567890 | priya@yahoo.com |       103 |
|   104 | Rahul   | E-102      | 1234567890 | rahul@yahoo.com |       105 |
+-------+---------+------------+------------+-----------------+-----------+
2 rows in set (0.00 sec)

---------------------------------------------------------------------------------------------------


5. What is the department name for DeptID E-102?

mysql> SELECT DeptName 
    -> FROM EmpDept 
    -> WHERE DeptId = "E-102";
+-------------+
| DeptName    |
+-------------+
| Development |
+-------------+
1 row in set (0.00 sec)

-------------------------------------------------------------------------------------------------


6. What is total salarythat is paid to permanent employees?

mysql> SELECT SUM(Salary) AS TOTAL_SALARY  FROM EmpSalary WHERE IsPermanent="YES";
+--------------+
| TOTAL_SALARY |
+--------------+
|        16200 |
+--------------+
1 row in set (0.00 sec)

mysql> 

-----------------------------------------------------------------------------------------------

7. List name of all employees whose name ends with a.

mysql> SELECT EmpName
    -> FROM Employee1
    -> WHERE EmpName LIKE '%a';
+---------+
| EmpName |
+---------+
| Isha    |
| Priya   |
| Neha    |
+---------+
3 rows in set (0.00 sec)


-------------------------------------------------------------------------------------------------

8. List the number of department of employees in each project.

mysql> SELECT COUNT(Department),ep.ProjectId 
       FROM Employee1 e 
       INNER JOIN EmpProject ep 
       ON e.EmpId = ep.EmpId 
       GROUP BY ProjectID;
       
+-------------------+-----------+
| COUNT(Department) | ProjectId |
+-------------------+-----------+
|                 2 | p-1       |
|                 1 | p-2       |
|                 2 | p-4       |
+-------------------+-----------+
3 rows in set (0.00 sec)

------------------------------------------------------------------------------------------------


9. How many project started in year 2010.

mysql> SELECT COUNT(ProjectId) 
    -> FROM EmpProject 
    -> WHERE StartYear = 2010;
+------------------+
| COUNT(ProjectId) |
+------------------+
|                2 |
+------------------+
1 row in set (0.00 sec)

-------------------------------------------------------------------------------------------------

10. How many project started and finished in the same year.

mysql> SELECT COUNT(ProjectId) AS No_Of_Project  FROM EmpProject  WHERE StartYear = EndYear;
+---------------+
| No_Of_Project |
+---------------+
|             1 |
+---------------+
1 row in set (0.00 sec)

-------------------------------------------------------------------------------------------------

11. Select the name of the employee whose name's 3rd charactor is 'h'.

mysql> SELECT EmpName 
    -> FROM Employee1
    -> WHERE EmpName LIKE '__h%';
+----------+
| EmpName  |
+----------+
| Isha     |
| Neha     |
| Rahul    |
| Abhishek |
+----------+
4 rows in set (0.00 sec)

-------------------------------------------------------------------------------------------------


12. Select the department name of the company which is assigned to the employee whose employee id is grater 103.

mysql> SELECT DeptName  
FROM EmpDept WHERE DeptId IN (SELECT Department FROM Employee1 WHERE Empid > 103);

+-------------+
| DeptName    |
+-------------+
| Development |
| HR          |
+-------------+

-------------------------------------------------------------------------------------------------


13. Select the name of the employee who is working under Abhishek.


---------------------------------------------------------------------------------------------------

14. Select the name of the employee who is department head of HR.

mysql> SELECT EmpName 
FROM Employee1 
WHERE EmpId = (SELECT DeptHead 
               FROM EmpDept 
               WHERE DeptName ="HR" );

+----------+
| EmpName  |
+----------+
| Abhishek |
+----------+
1 row in set (0.01 sec)

--------------------------------------------------------------------------------------------------

15. Select the name of the employee head who is permanent.

mysql> SELECT EmpName 
    -> FROM Employee1 
       WHERE Empid IN(SELECT DeptHead 
       	  FROM EmpDept) AND Empid IN(SELECT EmpId 
       	  	         FROM EmpSalary 
       	  	         WHERE IsPermanent ="YES" );
+----------+
| EmpName  |
+----------+
| Isha     |
| Rahul    |
| Abhishek |
+----------+
3 rows in set (0.00 sec)

---------------------------------------------------------------------------------------------------


16. Select the name and email of the Dept Head who is not Permanent.

mysql> SELECT EmpName,EmailID  
       FROM Employee1 
       WHERE EmpId IN (SELECT DeptHead FROM EmpDept ) AND  EmpId IN(SELECT EmpId FROM EmpSalary WHERE IsPermanent = "No" );
+---------+----------------+
| EmpName | EmailID        |
+---------+----------------+
| Neha    | neha@gmail.com |
+---------+----------------+
1 row in set (0.00 sec)


------------------------------------------------------------------------------------------------

17. Select the employee whose department off is monday

mysql> SELECT * 
       FROM Employee1 
       WHERE Department IN (SELECT DeptId 
                            FROM EmpDept 
                            WHERE Dept_off = "Monday");
                            
+-------+----------+------------+------------+--------------------+-----------+
| Empid | EmpName  | Department | ContactNo  | EmailId            | EmpHeadID |
+-------+----------+------------+------------+--------------------+-----------+
|   101 | Isha     | E-101      | 1234567890 | isha@gmail.com     |       105 |
|   103 | Neha     | E-101      | 1234567890 | neha@gmail.com     |       101 |
|   105 | Abhishek | E-101      | 1234567890 | abhishek@gmail.com |       102 |
+-------+----------+------------+------------+--------------------+-----------+
3 rows in set (0.00 sec)

-----------------------------------------------------------------------------------------------

18. Select the indian clients details.

mysql> SELECT * 
    -> FROM ClientTable
    -> WHERE cid = (SELECT cid FROM Country WHERE cname = "India");
+----------+------------+------+
| ClientId | ClientName | cid  |
+----------+------------+------+
| CI-1     | ABC Group  | c-1  |
| cl-2     | PQR        | c-1  |
+----------+------------+------+
2 rows in set (0.01 sec)

--------------------------------------------------------------------------------------------------


19. Select the details of all employee working in development department.

mysql> SELECT *  
       FROM Employee1 
       WHERE Department = (SELECT DeptId 
                           FROM EmpDept
                           WHERE DeptName = "Development");
+-------+---------+------------+------------+-----------------+-----------+
| Empid | EmpName | Department | ContactNo  | EmailId         | EmpHeadID |
+-------+---------+------------+------------+-----------------+-----------+
|   104 | Rahul   | E-102      | 1234567890 | rahul@yahoo.com |       105 |
+-------+---------+------------+------------+-----------------+-----------+
1 row in set (0.00 sec)

----------------------------------------------------------------------------------------------------

20. Create a procedure to calculate the average salaries of employees.

mysql> DELIMITER ##
mysql> CREATE PROCEDURE average_emp()
    -> BEGIN
    -> SELECT AVG(Salary) AS AVERAGE_SALARY FROM EmpSalary;
    -> END
    -> ##
Query OK, 0 rows affected (0.02 sec)

mysql> 
mysql> DELIMITER ;
mysql> 
mysql> CALL average_emp();
+----------------+
| AVERAGE_SALARY |
+----------------+
|      4240.0000 |
+----------------+
1 row in set (0.02 sec)

Query OK, 0 rows affected (0.02 sec)


-----------------------------------------------------------------------------------------------------

21. Join first tow tables using inner join.

mysql> SELECT *  
       FROM Employee1  
       INNER JOIN EmpDept 
       ON Employee1.EmpHeadID = EmpDept.DeptHead;
+-------+---------+------------+------------+-----------------+-----------+--------+--------------+----------+----------+
| Empid | EmpName | Department | ContactNo  | EmailId         | EmpHeadID | DeptId | DeptName     | Dept_off | DeptHead |
+-------+---------+------------+------------+-----------------+-----------+--------+--------------+----------+----------+
|   104 | Rahul   | E-102      | 1234567890 | rahul@yahoo.com |       105 | E-101  | HR           | Monday   |      105 |
|   101 | Isha    | E-101      | 1234567890 | isha@gmail.com  |       105 | E-101  | HR           | Monday   |      105 |
|   103 | Neha    | E-101      | 1234567890 | neha@gmail.com  |       101 | E-102  | Development  | Tuesday  |      101 |
|   102 | Priya   | E-104      | 1234567890 | priya@yahoo.com |       103 | E-103  | Hous Keeping | Saturday |      103 |
+-------+---------+------------+------------+-----------------+-----------+--------+--------------+----------+----------+
4 rows in set (0.00 sec)

-----------------------------------------------------------------------------------------------------------

22. Create a copy of employee table, add three extra entries in it and find the union, difference
and intersect.

mysql> CREATE TABLE Employee2 SELECT * FROM Employee1;
Query OK, 5 rows affected (0.03 sec)
Records: 5  Duplicates: 0  Warnings: 0

mysql> SELECT * 
       FROM Employee2;
+-------+----------+------------+------------+--------------------+-----------+
| Empid | EmpName  | Department | ContactNo  | EmailId            | EmpHeadID |
+-------+----------+------------+------------+--------------------+-----------+
|   101 | Isha     | E-101      | 1234567890 | isha@gmail.com     |       105 |
|   102 | Priya    | E-104      | 1234567890 | priya@yahoo.com    |       103 |
|   103 | Neha     | E-101      | 1234567890 | neha@gmail.com     |       101 |
|   104 | Rahul    | E-102      | 1234567890 | rahul@yahoo.com    |       105 |
|   105 | Abhishek | E-101      | 1234567890 | abhishek@gmail.com |       102 |
+-------+----------+------------+------------+--------------------+-----------+
5 rows in set (0.00 sec)


mysql> SELECT * 
       FROM Employee1 
       UNION  
       SELECT * 
       FROM Employee2;
+-------+----------+------------+------------+--------------------+-----------+
| Empid | EmpName  | Department | ContactNo  | EmailId            | EmpHeadID |
+-------+----------+------------+------------+--------------------+-----------+
|   101 | Isha     | E-101      | 1234567890 | isha@gmail.com     |       105 |
|   102 | Priya    | E-104      | 1234567890 | priya@yahoo.com    |       103 |
|   103 | Neha     | E-101      | 1234567890 | neha@gmail.com     |       101 |
|   104 | Rahul    | E-102      | 1234567890 | rahul@yahoo.com    |       105 |
|   105 | Abhishek | E-101      | 1234567890 | abhishek@gmail.com |       102 |
|   106 | Rohit    | E-102      | 1234567890 | rohit@gmail.com    |       102 |
|   107 | Ezio     | E-105      | 1234567890 | ezio@yahoo.com     |       103 |
|   108 | Arno     | E-101      | 1234567890 | arno@gmial.com     |       101 |
+-------+----------+------------+------------+--------------------+-----------+
8 rows in set (0.00 sec)


mysql> SELECT * 
       FROM Employee2 
       EXCEPT  
       SELECT * 
       FROM Employee1;
+-------+---------+------------+------------+-----------------+-----------+
| Empid | EmpName | Department | ContactNo  | EmailId         | EmpHeadID |
+-------+---------+------------+------------+-----------------+-----------+
|   106 | Rohit   | E-102      | 1234567890 | rohit@gmail.com |       102 |
|   107 | Ezio    | E-105      | 1234567890 | ezio@yahoo.com  |       103 |
|   108 | Arno    | E-101      | 1234567890 | arno@gmial.com  |       101 |
+-------+---------+------------+------------+-----------------+-----------+
3 rows in set (0.01 sec)



mysql> SELECT * 
       FROM Employee1 
       INTERSECT  
       SELECT * 
       FROM Employee2;
+-------+----------+------------+------------+--------------------+-----------+
| Empid | EmpName  | Department | ContactNo  | EmailId            | EmpHeadID |
+-------+----------+------------+------------+--------------------+-----------+
|   101 | Isha     | E-101      | 1234567890 | isha@gmail.com     |       105 |
|   102 | Priya    | E-104      | 1234567890 | priya@yahoo.com    |       103 |
|   103 | Neha     | E-101      | 1234567890 | neha@gmail.com     |       101 |
|   104 | Rahul    | E-102      | 1234567890 | rahul@yahoo.com    |       105 |
|   105 | Abhishek | E-101      | 1234567890 | abhishek@gmail.com |       102 |
+-------+----------+------------+------------+--------------------+-----------+
5 rows in set (0.00 sec)


-------------------------------------------------------------------------------------------

23. Create a procedure to pass employee id as input and generate his id, salary, contact number
and department name as output.

mysql> DELIMITER &&
mysql> CREATE PROCEDURE emp_details(IN ID INT)
    -> BEGIN
    ->        SELECT e.Empid,s.Salary,e.ContactNo,d.DeptName FROM Employee2 e INNER JOIN EmpDept d ON e.Department = d.DeptId INNER JOIN EmpSalary s ON e.Empid = s.EmpId WHERE e.Empid = ID;
    -> END
    -> &&
Query OK, 0 rows affected (0.02 sec)

mysql> 
mysql> DELIMITER ;
mysql> 
mysql> CALL emp_details(105);
+-------+--------+------------+----------+
| Empid | Salary | ContactNo  | DeptName |
+-------+--------+------------+----------+
|   105 |   2300 | 1234567890 | HR       |
+-------+--------+------------+----------+
1 row in set (0.01 sec)

Query OK, 0 rows affected (0.01 sec)

mysql> CALL emp_details(105);



24. Create a view for the data retrieved client name, project id, start and end year.

25. Calculate average salary of permanent employees.

mysql> SELECT AVG(SALARY )
    -> FROM EmpSalary
    -> WHERE IsPermanent = "Yes";
+--------------+
| AVG(SALARY ) |
+--------------+
|    4050.0000 |
+--------------+
1 row in set (0.01 sec)

----------------------------------------------------------------------------------------------

26. Create a function to print department off when department name is given as input.
27. Write a function to deduct the 10% TDS from employees salary. The selct statement should
generate empid, salary after TDS, and department name on screen.
28. Write a cursor to extract id, name, contact and email from first table and store it in another
tenporary table.
29. Create a trigger on first table to check that user inserted dept head id between 101 and 105
or not. If he doesnt enter the same, make dept head id as 100.
30. Create a trigger to create the log for updation done on first two tables. The log table will
contain the changes made by user on both of these tables.
