1. Select the detail of the employee whose name start with P.

    mysql> SELECT * 
    -> FROM Employee1
    -> WHERE EmpName LIKE 'P%';
+-------+---------+------------+------------+-----------------+-----------+
| Empid | EmpName | Department | ContactNo  | EmailId         | EmpHeadID |
+-------+---------+------------+------------+-----------------+-----------+
|   102 | Priya   | E-104      | 1234567890 | priya@yahoo.com |       103 |
+-------+---------+------------+------------+-----------------+-----------+
1 row in set (0.00 sec)


-----------------------------------------------------------------------------------------------------


2. How many permanent candidate take salary more than 5000.

mysql> SELECT COUNT(*) AS No_Of_Candidates 
       FROM Employee1 e1 
       INNER JOIN EmpSalary es 
       ON e1.EmpId = es.EmpId AND es.Salary > 5000;
+------------------+
| No_Of_Candidates |
+------------------+
|                1 |
+------------------+
1 row in set (0.00 sec)

-----------------------------------------------------------------------------------------------------

3. Select the detail of employee whose emailId is in gmail.

mysql> SELECT * 
    -> FROM Employee1 
    -> WHERE  EmailId LIKE '%gmail.com';
+-------+----------+------------+------------+--------------------+-----------+
| Empid | EmpName  | Department | ContactNo  | EmailId            | EmpHeadID |
+-------+----------+------------+------------+--------------------+-----------+
|   101 | Isha     | E-101      | 1234567890 | isha@gmail.com     |       105 |
|   103 | Neha     | E-101      | 1234567890 | neha@gmail.com     |       101 |
|   105 | Abhishek | E-101      | 1234567890 | abhishek@gmail.com |       102 |
+-------+----------+------------+------------+--------------------+-----------+
3 rows in set (0.00 sec)


----------------------------------------------------------------------------------------------------

4. Select the details of the employee who work either for department E-104 or E-102.

mysql> SELECT *  FROM Employee1 WHERE Department = "E-104" OR Department = "E-102";
+-------+---------+------------+------------+-----------------+-----------+
| Empid | EmpName | Department | ContactNo  | EmailId         | EmpHeadID |
+-------+---------+------------+------------+-----------------+-----------+
|   102 | Priya   | E-104      | 1234567890 | priya@yahoo.com |       103 |
|   104 | Rahul   | E-102      | 1234567890 | rahul@yahoo.com |       105 |
+-------+---------+------------+------------+-----------------+-----------+
2 rows in set (0.00 sec)

---------------------------------------------------------------------------------------------------


5. What is the department name for DeptID E-102?

mysql> SELECT DeptName 
    -> FROM EmpDept 
    -> WHERE DeptId = "E-102";
+-------------+
| DeptName    |
+-------------+
| Development |
+-------------+
1 row in set (0.00 sec)

-------------------------------------------------------------------------------------------------


6. What is total salarythat is paid to permanent employees?

mysql> SELECT SUM(Salary) AS TOTAL_SALARY  FROM EmpSalary WHERE IsPermanent="YES";
+--------------+
| TOTAL_SALARY |
+--------------+
|        16200 |
+--------------+
1 row in set (0.00 sec)

mysql> 

-----------------------------------------------------------------------------------------------

7. List name of all employees whose name ends with a.

mysql> SELECT EmpName
    -> FROM Employee1
    -> WHERE EmpName LIKE '%a';
+---------+
| EmpName |
+---------+
| Isha    |
| Priya   |
| Neha    |
+---------+
3 rows in set (0.00 sec)


-------------------------------------------------------------------------------------------------

8. List the number of department of employees in each project.

mysql> SELECT COUNT(Department),ep.ProjectId 
       FROM Employee1 e 
       INNER JOIN EmpProject ep 
       ON e.EmpId = ep.EmpId 
       GROUP BY ProjectID;
       
+-------------------+-----------+
| COUNT(Department) | ProjectId |
+-------------------+-----------+
|                 2 | p-1       |
|                 1 | p-2       |
|                 2 | p-4       |
+-------------------+-----------+
3 rows in set (0.00 sec)

------------------------------------------------------------------------------------------------


9. How many project started in year 2010.

mysql> SELECT COUNT(ProjectId) 
    -> FROM EmpProject 
    -> WHERE StartYear = 2010;
+------------------+
| COUNT(ProjectId) |
+------------------+
|                2 |
+------------------+
1 row in set (0.00 sec)

-------------------------------------------------------------------------------------------------

10. How many project started and finished in the same year.

mysql> SELECT COUNT(ProjectId) AS No_Of_Project  FROM EmpProject  WHERE StartYear = EndYear;
+---------------+
| No_Of_Project |
+---------------+
|             1 |
+---------------+
1 row in set (0.00 sec)

-------------------------------------------------------------------------------------------------

11. Select the name of the employee whose name's 3rd charactor is 'h'.

mysql> SELECT EmpName 
    -> FROM Employee1
    -> WHERE EmpName LIKE '__h%';
+----------+
| EmpName  |
+----------+
| Isha     |
| Neha     |
| Rahul    |
| Abhishek |
+----------+
4 rows in set (0.00 sec)

-------------------------------------------------------------------------------------------------


12. Select the department name of the company which is assigned to the employee whose employee id is grater 103.

mysql> SELECT DeptName  
FROM EmpDept WHERE DeptId IN (SELECT Department FROM Employee1 WHERE Empid > 103);

+-------------+
| DeptName    |
+-------------+
| Development |
| HR          |
+-------------+

-------------------------------------------------------------------------------------------------


13. Select the name of the employee who is working under Abhishek.


---------------------------------------------------------------------------------------------------

14. Select the name of the employee who is department head of HR.

mysql> SELECT EmpName 
FROM Employee1 
WHERE EmpId = (SELECT DeptHead 
               FROM EmpDept 
               WHERE DeptName ="HR" );

+----------+
| EmpName  |
+----------+
| Abhishek |
+----------+
1 row in set (0.01 sec)

--------------------------------------------------------------------------------------------------

15. Select the name of the employee head who is permanent.

mysql> SELECT EmpName 
    -> FROM Employee1 
       WHERE Empid IN(SELECT DeptHead 
       	  FROM EmpDept) AND Empid IN(SELECT EmpId 
       	  	         FROM EmpSalary 
       	  	         WHERE IsPermanent ="YES" );
+----------+
| EmpName  |
+----------+
| Isha     |
| Rahul    |
| Abhishek |
+----------+
3 rows in set (0.00 sec)

---------------------------------------------------------------------------------------------------


16. Select the name and email of the Dept Head who is not Permanent.

mysql> SELECT EmpName,EmailID  
       FROM Employee1 
       WHERE EmpId IN (SELECT DeptHead FROM EmpDept ) AND  EmpId IN(SELECT EmpId FROM EmpSalary WHERE IsPermanent = "No" );
+---------+----------------+
| EmpName | EmailID        |
+---------+----------------+
| Neha    | neha@gmail.com |
+---------+----------------+
1 row in set (0.00 sec)


------------------------------------------------------------------------------------------------

17. Select the employee whose department off is monday

mysql> SELECT * 
       FROM Employee1 
       WHERE Department IN (SELECT DeptId 
                            FROM EmpDept 
                            WHERE Dept_off = "Monday");
                            
+-------+----------+------------+------------+--------------------+-----------+
| Empid | EmpName  | Department | ContactNo  | EmailId            | EmpHeadID |
+-------+----------+------------+------------+--------------------+-----------+
|   101 | Isha     | E-101      | 1234567890 | isha@gmail.com     |       105 |
|   103 | Neha     | E-101      | 1234567890 | neha@gmail.com     |       101 |
|   105 | Abhishek | E-101      | 1234567890 | abhishek@gmail.com |       102 |
+-------+----------+------------+------------+--------------------+-----------+
3 rows in set (0.00 sec)

-----------------------------------------------------------------------------------------------

18. Select the indian clients details.




























19. Select the details of all employee working in development department.
20. Create a procedure to calculate the average salaries of employees.
21. Join first tow tables using inner join.
22. Create a copy of employee table, add three extra entries in it and find the union, difference
and intersect.
